문항,유형,배점,단원,주제,정답,검수상태,교정메모
1,objective,4,벡터,단위벡터,③,verified,
2,objective,4,벡터,내적·외적 성질,⑤,verified,
3,objective,4,만유인력,쌍성의 질량중심과 주기,④,verified,
4,objective,4,운동학,등가속도 추월 문제,④,verified,
5,objective,4,열운동,이상기체 압력과 분자 평균 운동에너지,③,verified,
6,objective,4,운동학,같은 중력가속도 아래 상대운동,①,verified,
7,objective,4,포물선 운동,비행시간과 특정 시점 높이,④,verified,
8,objective,4,포물선 운동,수평발사 두 물체의 충돌,④,verified,
9,objective,4,유체,부력과 뜨는 물체,④,verified,
10,objective,4,운동량,1차원 완전탄성충돌,④,verified,
11,objective,4,운동량,2차원 충돌과 운동량 성분 보존,①,verified,
12,objective,4,원운동,마찰 없는 경사 원형 궤도,④,verified,
13,objective,4,원운동,연직 원운동과 수직항력,⑤,verified,
14,objective,4,단진동,수직 용수철의 주기와 평형점,①,verified,
15,objective,4,단진동,가속 좌표계의 단진자,②,verified,
16,objective,4,만유인력,케플러 법칙과 타원 궤도 에너지,④,verified,
17,objective,4,만유인력,중력 위치에너지와 발사속도,②,verified,
18,objective,4,열현상,정상상태 열전도,⑤,verified,
19,objective,4,열현상,열량 보존과 얼음의 융해,④,corrected,원문에 물의 비열이 명시되어 있지 않아 표준값 c_water=1 kcal/(kg·°C)를 적용함. 사이트 해설에는 이 가정을 명시함.
20,objective,4,열역학,T-V 그래프와 이상기체 과정,④,corrected,"공식 해설의 ㄱ 설명이 A와 B 압력 비교로 잘못 서술되어 있어, 실제 보기인 B와 C 압력 비교(P_C=2P_B)로 교정함."
21,subjective,4,포물선 운동,일반 투사체의 시간·최고점·도달거리,"T=v₀sinθ/g, H=v₀²sin²θ/(2g), R=v₀²sin2θ/g",verified,
22,subjective,4,운동량,비스듬한 충돌과 반발계수,"1) 10√2 m/s, 2) 2√29 m/s",verified,
23,subjective,4,역학적 에너지,수직 원궤도 최소 높이와 에너지 손실,h=7R/2,verified,
24,subjective,4,열역학,P-V 그래프의 등압·등온·단열·등적 과정과 일,"A: 등압, B: 등온, C: 단열, D: 등적; |W_A|>|W_B|>|W_C|>|W_D|=0",verified,
25,subjective,4,열역학,열기관 순환과 열효율,e=2/11,verified,
